{
  "Packages": [
    {
      "Package": {
        "Id": "Microsoft.Activities",
        "Version": "1.0.1"
      },
      "Assemblies": [
        "C:\\Users\\svc-BHRPALogon-NPRD\\.nuget\\packages\\microsoft.activities/1.0.1\\lib/net45/Microsoft.Activities.Design.Services.dll",
        "C:\\Users\\svc-BHRPALogon-NPRD\\.nuget\\packages\\microsoft.activities/1.0.1\\lib/net45/Microsoft.Activities.Design.dll",
        "C:\\Users\\svc-BHRPALogon-NPRD\\.nuget\\packages\\microsoft.activities/1.0.1\\lib/net45/Microsoft.Activities.dll",
        "C:\\Users\\svc-BHRPALogon-NPRD\\.nuget\\packages\\microsoft.activities/1.0.1\\lib/net45/Microsoft.Workflow.Client.dll",
        "C:\\Users\\svc-BHRPALogon-NPRD\\.nuget\\packages\\microsoft.activities/1.0.1\\lib/net45/Microsoft.Workflow.Common.dll",
        "C:\\Users\\svc-BHRPALogon-NPRD\\.nuget\\packages\\microsoft.activities/1.0.1\\lib/net45/Microsoft.Workflow.Tracing.dll"
      ]
    },
    {
      "Package": {
        "Id": "UiPath.Database.Activities",
        "Version": "1.1.6660.26865"
      },
      "Assemblies": [
        "C:\\Users\\svc-BHRPALogon-NPRD\\.nuget\\packages\\uipath.database.activities/1.1.6660.26865\\lib/net40-Client/Microsoft.Data.ConnectionUI.Dialog.dll",
        "C:\\Users\\svc-BHRPALogon-NPRD\\.nuget\\packages\\uipath.database.activities/1.1.6660.26865\\lib/net40-Client/UiPath.Database.Activities.Design.dll",
        "C:\\Users\\svc-BHRPALogon-NPRD\\.nuget\\packages\\uipath.database.activities/1.1.6660.26865\\lib/net40-Client/UiPath.Database.Activities.dll",
        "C:\\Users\\svc-BHRPALogon-NPRD\\.nuget\\packages\\uipath.database.activities/1.1.6660.26865\\lib/net40-Client/UiPath.Database.dll"
      ]
    },
    {
      "Package": {
        "Id": "UiPath.Excel.Activities",
        "Version": "2.5.1"
      },
      "Assemblies": [
        "C:\\Users\\svc-BHRPALogon-NPRD\\.nuget\\packages\\closedxml/0.87.1\\lib/net40/ClosedXML.dll",
        "C:\\Users\\svc-BHRPALogon-NPRD\\.nuget\\packages\\csvhelper/16.0.0\\lib/net45/CsvHelper.dll",
        "C:\\Users\\svc-BHRPALogon-NPRD\\.nuget\\packages\\documentformat.openxml/2.5.0\\lib/DocumentFormat.OpenXml.dll",
        "C:\\Users\\svc-BHRPALogon-NPRD\\.nuget\\packages\\microsoft.visualstudio.ole.interop/7.10.6071\\lib/Microsoft.VisualStudio.OLE.Interop.dll",
        "C:\\Users\\svc-BHRPALogon-NPRD\\.nuget\\packages\\npoi/2.4.1\\lib/net45/NPOI.OOXML.dll",
        "C:\\Users\\svc-BHRPALogon-NPRD\\.nuget\\packages\\npoi/2.4.1\\lib/net45/NPOI.OpenXml4Net.dll",
        "C:\\Users\\svc-BHRPALogon-NPRD\\.nuget\\packages\\npoi/2.4.1\\lib/net45/NPOI.OpenXmlFormats.dll",
        "C:\\Users\\svc-BHRPALogon-NPRD\\.nuget\\packages\\npoi/2.4.1\\lib/net45/NPOI.dll",
        "C:\\Users\\svc-BHRPALogon-NPRD\\.nuget\\packages\\sharpziplib/1.2.0\\lib/net45/ICSharpCode.SharpZipLib.dll",
        "C:\\Users\\svc-BHRPALogon-NPRD\\.nuget\\packages\\system.valuetuple/4.5.0\\lib/net461/System.ValueTuple.dll",
        "C:\\Users\\svc-BHRPALogon-NPRD\\.nuget\\packages\\uipath.excel.activities/2.5.1\\lib/net452/UiPath.Excel.Activities.Design.dll",
        "C:\\Users\\svc-BHRPALogon-NPRD\\.nuget\\packages\\uipath.excel.activities/2.5.1\\lib/net452/UiPath.Excel.Activities.dll",
        "C:\\Users\\svc-BHRPALogon-NPRD\\.nuget\\packages\\uipath.excel.activities/2.5.1\\lib/net452/UiPath.Excel.dll"
      ]
    },
    {
      "Package": {
        "Id": "UiPath.PDF.Activities",
        "Version": "1.3.0"
      },
      "Assemblies": [
        "C:\\Users\\svc-BHRPALogon-NPRD\\.nuget\\packages\\uipath.pdf.activities/1.3.0\\lib/net452/UiPath.PDF.Activities.Design.dll",
        "C:\\Users\\svc-BHRPALogon-NPRD\\.nuget\\packages\\uipath.pdf.activities/1.3.0\\lib/net452/UiPath.PDF.Activities.dll",
        "C:\\Users\\svc-BHRPALogon-NPRD\\.nuget\\packages\\uipath.pdf.activities/1.3.0\\lib/net452/UiPath.PDF.dll",
        "C:\\Users\\svc-BHRPALogon-NPRD\\.nuget\\packages\\uipath.pdf.activities/1.3.0\\lib/net452/x86/pdfium.dll"
      ]
    },
    {
      "Package": {
        "Id": "UiPath.System.Activities",
        "Version": "21.10.3"
      },
      "Assemblies": [
        "C:\\Users\\svc-BHRPALogon-NPRD\\.nuget\\packages\\csvhelper/16.0.0\\lib/net45/CsvHelper.dll",
        "C:\\Users\\svc-BHRPALogon-NPRD\\.nuget\\packages\\microsoft.aspnet.signalr.client/2.4.0\\lib/net45/Microsoft.AspNet.SignalR.Client.dll",
        "C:\\Users\\svc-BHRPALogon-NPRD\\.nuget\\packages\\microsoft.aspnetcore.connections.abstractions/3.1.6\\lib/netstandard2.0/Microsoft.AspNetCore.Connections.Abstractions.dll",
        "C:\\Users\\svc-BHRPALogon-NPRD\\.nuget\\packages\\microsoft.aspnetcore.http.connections.client/3.1.6\\lib/netstandard2.0/Microsoft.AspNetCore.Http.Connections.Client.dll",
        "C:\\Users\\svc-BHRPALogon-NPRD\\.nuget\\packages\\microsoft.aspnetcore.http.connections.common/3.1.6\\lib/netstandard2.0/Microsoft.AspNetCore.Http.Connections.Common.dll",
        "C:\\Users\\svc-BHRPALogon-NPRD\\.nuget\\packages\\microsoft.aspnetcore.http.features/3.1.6\\lib/netstandard2.0/Microsoft.AspNetCore.Http.Features.dll",
        "C:\\Users\\svc-BHRPALogon-NPRD\\.nuget\\packages\\microsoft.aspnetcore.signalr.client/3.1.6\\lib/netstandard2.0/Microsoft.AspNetCore.SignalR.Client.dll",
        "C:\\Users\\svc-BHRPALogon-NPRD\\.nuget\\packages\\microsoft.aspnetcore.signalr.client.core/3.1.6\\lib/netstandard2.0/Microsoft.AspNetCore.SignalR.Client.Core.dll",
        "C:\\Users\\svc-BHRPALogon-NPRD\\.nuget\\packages\\microsoft.aspnetcore.signalr.common/3.1.6\\lib/netstandard2.0/Microsoft.AspNetCore.SignalR.Common.dll",
        "C:\\Users\\svc-BHRPALogon-NPRD\\.nuget\\packages\\microsoft.aspnetcore.signalr.protocols.json/3.1.6\\lib/netstandard2.0/Microsoft.AspNetCore.SignalR.Protocols.Json.dll",
        "C:\\Users\\svc-BHRPALogon-NPRD\\.nuget\\packages\\microsoft.bcl.asyncinterfaces/1.1.1\\lib/net461/Microsoft.Bcl.AsyncInterfaces.dll",
        "C:\\Users\\svc-BHRPALogon-NPRD\\.nuget\\packages\\microsoft.codeanalysis.common/3.8.0\\lib/netstandard2.0/Microsoft.CodeAnalysis.dll",
        "C:\\Users\\svc-BHRPALogon-NPRD\\.nuget\\packages\\microsoft.codeanalysis.csharp/3.8.0\\lib/netstandard2.0/Microsoft.CodeAnalysis.CSharp.dll",
        "C:\\Users\\svc-BHRPALogon-NPRD\\.nuget\\packages\\microsoft.codeanalysis.visualbasic/3.8.0\\lib/netstandard2.0/Microsoft.CodeAnalysis.VisualBasic.dll",
        "C:\\Users\\svc-BHRPALogon-NPRD\\.nuget\\packages\\microsoft.extensions.configuration/3.1.6\\lib/netstandard2.0/Microsoft.Extensions.Configuration.dll",
        "C:\\Users\\svc-BHRPALogon-NPRD\\.nuget\\packages\\microsoft.extensions.configuration.abstractions/3.1.6\\lib/netstandard2.0/Microsoft.Extensions.Configuration.Abstractions.dll",
        "C:\\Users\\svc-BHRPALogon-NPRD\\.nuget\\packages\\microsoft.extensions.configuration.binder/3.1.6\\lib/netstandard2.0/Microsoft.Extensions.Configuration.Binder.dll",
        "C:\\Users\\svc-BHRPALogon-NPRD\\.nuget\\packages\\microsoft.extensions.dependencyinjection/3.1.6\\lib/net461/Microsoft.Extensions.DependencyInjection.dll",
        "C:\\Users\\svc-BHRPALogon-NPRD\\.nuget\\packages\\microsoft.extensions.dependencyinjection.abstractions/3.1.6\\lib/netstandard2.0/Microsoft.Extensions.DependencyInjection.Abstractions.dll",
        "C:\\Users\\svc-BHRPALogon-NPRD\\.nuget\\packages\\microsoft.extensions.logging/3.1.6\\lib/netstandard2.0/Microsoft.Extensions.Logging.dll",
        "C:\\Users\\svc-BHRPALogon-NPRD\\.nuget\\packages\\microsoft.extensions.logging.abstractions/3.1.6\\lib/netstandard2.0/Microsoft.Extensions.Logging.Abstractions.dll",
        "C:\\Users\\svc-BHRPALogon-NPRD\\.nuget\\packages\\microsoft.extensions.options/3.1.6\\lib/netstandard2.0/Microsoft.Extensions.Options.dll",
        "C:\\Users\\svc-BHRPALogon-NPRD\\.nuget\\packages\\microsoft.extensions.primitives/3.1.6\\lib/netstandard2.0/Microsoft.Extensions.Primitives.dll",
        "C:\\Users\\svc-BHRPALogon-NPRD\\.nuget\\packages\\microsoft.rest.clientruntime/2.3.21\\lib/net461/Microsoft.Rest.ClientRuntime.dll",
        "C:\\Users\\svc-BHRPALogon-NPRD\\.nuget\\packages\\newtonsoft.json/13.0.1\\lib/net45/Newtonsoft.Json.dll",
        "C:\\Users\\svc-BHRPALogon-NPRD\\.nuget\\packages\\sharpziplib/1.2.0\\lib/net45/ICSharpCode.SharpZipLib.dll",
        "C:\\Users\\svc-BHRPALogon-NPRD\\.nuget\\packages\\system.buffers/4.5.1\\lib/net461/System.Buffers.dll",
        "C:\\Users\\svc-BHRPALogon-NPRD\\.nuget\\packages\\system.collections.immutable/5.0.0\\lib/net461/System.Collections.Immutable.dll",
        "C:\\Users\\svc-BHRPALogon-NPRD\\.nuget\\packages\\system.componentmodel.annotations/4.7.0\\lib/net461/System.ComponentModel.Annotations.dll",
        "C:\\Users\\svc-BHRPALogon-NPRD\\.nuget\\packages\\system.io.abstractions/3.0.10\\lib/net40/System.IO.Abstractions.dll",
        "C:\\Users\\svc-BHRPALogon-NPRD\\.nuget\\packages\\system.io.pipelines/4.7.1\\lib/netstandard2.0/System.IO.Pipelines.dll",
        "C:\\Users\\svc-BHRPALogon-NPRD\\.nuget\\packages\\system.management.automation/6.1.7601.17515\\lib/net45/System.Management.Automation.dll",
        "C:\\Users\\svc-BHRPALogon-NPRD\\.nuget\\packages\\system.memory/4.5.4\\lib/net461/System.Memory.dll",
        "C:\\Users\\svc-BHRPALogon-NPRD\\.nuget\\packages\\system.numerics.vectors/4.5.0\\lib/net46/System.Numerics.Vectors.dll",
        "C:\\Users\\svc-BHRPALogon-NPRD\\.nuget\\packages\\system.reflection.metadata/5.0.0\\lib/net461/System.Reflection.Metadata.dll",
        "C:\\Users\\svc-BHRPALogon-NPRD\\.nuget\\packages\\system.runtime.compilerservices.unsafe/4.7.1\\lib/net461/System.Runtime.CompilerServices.Unsafe.dll",
        "C:\\Users\\svc-BHRPALogon-NPRD\\.nuget\\packages\\system.text.encoding.codepages/4.5.1\\lib/net461/System.Text.Encoding.CodePages.dll",
        "C:\\Users\\svc-BHRPALogon-NPRD\\.nuget\\packages\\system.text.encodings.web/4.7.1\\lib/net461/System.Text.Encodings.Web.dll",
        "C:\\Users\\svc-BHRPALogon-NPRD\\.nuget\\packages\\system.text.json/4.7.2\\lib/net461/System.Text.Json.dll",
        "C:\\Users\\svc-BHRPALogon-NPRD\\.nuget\\packages\\system.threading.channels/4.7.1\\lib/net461/System.Threading.Channels.dll",
        "C:\\Users\\svc-BHRPALogon-NPRD\\.nuget\\packages\\system.threading.tasks.dataflow/5.0.0\\lib/net461/System.Threading.Tasks.Dataflow.dll",
        "C:\\Users\\svc-BHRPALogon-NPRD\\.nuget\\packages\\system.threading.tasks.extensions/4.5.4\\lib/net461/System.Threading.Tasks.Extensions.dll",
        "C:\\Users\\svc-BHRPALogon-NPRD\\.nuget\\packages\\system.valuetuple/4.5.0\\lib/net461/System.ValueTuple.dll",
        "C:\\Users\\svc-BHRPALogon-NPRD\\.nuget\\packages\\uipath.platform/21.12.0-preview\\lib/net461/UiPath.Platform.dll",
        "C:\\Users\\svc-BHRPALogon-NPRD\\.nuget\\packages\\uipath.system.activities/21.10.3\\lib/net461/UiPath.OrchestratorClient.dll",
        "C:\\Users\\svc-BHRPALogon-NPRD\\.nuget\\packages\\uipath.system.activities/21.10.3\\lib/net461/UiPath.System.Activities.Design.dll",
        "C:\\Users\\svc-BHRPALogon-NPRD\\.nuget\\packages\\uipath.system.activities/21.10.3\\lib/net461/UiPath.System.Activities.dll",
        "C:\\Users\\svc-BHRPALogon-NPRD\\.nuget\\packages\\uipath.telemetry.client/1.5.3\\lib/net461/TelemetryClient.dll"
      ]
    },
    {
      "Package": {
        "Id": "UiPath.Terminal.Activities",
        "Version": "1.3.0"
      },
      "Assemblies": [
        "C:\\Users\\svc-BHRPALogon-NPRD\\.nuget\\packages\\fluent.ribbon/3.5.1.198\\lib/net45/Fluent.dll",
        "C:\\Users\\svc-BHRPALogon-NPRD\\.nuget\\packages\\fluent.ribbon/3.5.1.198\\lib/net45/System.Windows.Interactivity.dll",
        "C:\\Users\\svc-BHRPALogon-NPRD\\.nuget\\packages\\uipath.terminal.activities/1.3.0\\lib/net452/NLog.dll",
        "C:\\Users\\svc-BHRPALogon-NPRD\\.nuget\\packages\\uipath.terminal.activities/1.3.0\\lib/net452/Open3270.dll",
        "C:\\Users\\svc-BHRPALogon-NPRD\\.nuget\\packages\\uipath.terminal.activities/1.3.0\\lib/net452/UiPath.Terminal.Activities.Design.dll",
        "C:\\Users\\svc-BHRPALogon-NPRD\\.nuget\\packages\\uipath.terminal.activities/1.3.0\\lib/net452/UiPath.Terminal.Activities.dll",
        "C:\\Users\\svc-BHRPALogon-NPRD\\.nuget\\packages\\uipath.terminal.activities/1.3.0\\lib/net452/UiPath.Terminal.Attachmate.dll",
        "C:\\Users\\svc-BHRPALogon-NPRD\\.nuget\\packages\\uipath.terminal.activities/1.3.0\\lib/net452/UiPath.Terminal.AttachmateExtra.dll",
        "C:\\Users\\svc-BHRPALogon-NPRD\\.nuget\\packages\\uipath.terminal.activities/1.3.0\\lib/net452/UiPath.Terminal.BlueZone.dll",
        "C:\\Users\\svc-BHRPALogon-NPRD\\.nuget\\packages\\uipath.terminal.activities/1.3.0\\lib/net452/UiPath.Terminal.IBM.dll",
        "C:\\Users\\svc-BHRPALogon-NPRD\\.nuget\\packages\\uipath.terminal.activities/1.3.0\\lib/net452/UiPath.Terminal.dll"
      ]
    },
    {
      "Package": {
        "Id": "UiPath.Testing.Activities",
        "Version": "1.4.6"
      },
      "Assemblies": [
        "C:\\Users\\svc-BHRPALogon-NPRD\\.nuget\\packages\\automapper/9.0.0\\lib/net461/AutoMapper.dll",
        "C:\\Users\\svc-BHRPALogon-NPRD\\.nuget\\packages\\microsoft.rest.clientruntime/2.3.21\\lib/net461/Microsoft.Rest.ClientRuntime.dll",
        "C:\\Users\\svc-BHRPALogon-NPRD\\.nuget\\packages\\newtonsoft.json/13.0.1\\lib/net45/Newtonsoft.Json.dll",
        "C:\\Users\\svc-BHRPALogon-NPRD\\.nuget\\packages\\system.io.abstractions/3.0.10\\lib/net40/System.IO.Abstractions.dll",
        "C:\\Users\\svc-BHRPALogon-NPRD\\.nuget\\packages\\system.runtime.compilerservices.unsafe/4.7.1\\lib/net461/System.Runtime.CompilerServices.Unsafe.dll",
        "C:\\Users\\svc-BHRPALogon-NPRD\\.nuget\\packages\\system.threading.tasks.dataflow/5.0.0\\lib/net461/System.Threading.Tasks.Dataflow.dll",
        "C:\\Users\\svc-BHRPALogon-NPRD\\.nuget\\packages\\system.threading.tasks.extensions/4.5.4\\lib/net461/System.Threading.Tasks.Extensions.dll",
        "C:\\Users\\svc-BHRPALogon-NPRD\\.nuget\\packages\\system.valuetuple/4.5.0\\lib/net461/System.ValueTuple.dll",
        "C:\\Users\\svc-BHRPALogon-NPRD\\.nuget\\packages\\uipath.platform/21.12.0-preview\\lib/net461/UiPath.Platform.dll",
        "C:\\Users\\svc-BHRPALogon-NPRD\\.nuget\\packages\\uipath.telemetry.client/1.5.3\\lib/net461/TelemetryClient.dll",
        "C:\\Users\\svc-BHRPALogon-NPRD\\.nuget\\packages\\uipath.testing.activities/1.4.6\\lib/net461/UiPath.Orchestrator.Client.dll",
        "C:\\Users\\svc-BHRPALogon-NPRD\\.nuget\\packages\\uipath.testing.activities/1.4.6\\lib/net461/UiPath.Testing.Activities.Design.dll",
        "C:\\Users\\svc-BHRPALogon-NPRD\\.nuget\\packages\\uipath.testing.activities/1.4.6\\lib/net461/UiPath.Testing.Activities.dll",
        "C:\\Users\\svc-BHRPALogon-NPRD\\.nuget\\packages\\uipath.testing.activities/1.4.6\\lib/net461/UiPath.Testing.dll",
        "C:\\Users\\svc-BHRPALogon-NPRD\\.nuget\\packages\\uipath.testing.activities/1.4.6\\lib/net461/UiPath.Testing.RulesLibrary.dll",
        "C:\\Users\\svc-BHRPALogon-NPRD\\.nuget\\packages\\uipath.testing.activities/1.4.6\\lib/net461/UiPath.Web.Client.dll"
      ]
    },
    {
      "Package": {
        "Id": "UiPath.UIAutomation.Activities",
        "Version": "21.4.1-preview"
      },
      "Assemblies": [
        "C:\\Users\\svc-BHRPALogon-NPRD\\.nuget\\packages\\newtonsoft.json/13.0.1\\lib/net45/Newtonsoft.Json.dll",
        "C:\\Users\\svc-BHRPALogon-NPRD\\.nuget\\packages\\system.io.abstractions/3.0.10\\lib/net40/System.IO.Abstractions.dll",
        "C:\\Users\\svc-BHRPALogon-NPRD\\.nuget\\packages\\system.threading.tasks.dataflow/5.0.0\\lib/net461/System.Threading.Tasks.Dataflow.dll",
        "C:\\Users\\svc-BHRPALogon-NPRD\\.nuget\\packages\\system.valuetuple/4.5.0\\lib/net461/System.ValueTuple.dll",
        "C:\\Users\\svc-BHRPALogon-NPRD\\.nuget\\packages\\uipath/21.4.23.2412\\lib/net45/UiPath.Interop.dll",
        "C:\\Users\\svc-BHRPALogon-NPRD\\.nuget\\packages\\uipath.ocr.activities/3.0.0\\lib/net461/UiPath.OCR.Activities.Design.dll",
        "C:\\Users\\svc-BHRPALogon-NPRD\\.nuget\\packages\\uipath.ocr.activities/3.0.0\\lib/net461/UiPath.OCR.Activities.dll",
        "C:\\Users\\svc-BHRPALogon-NPRD\\.nuget\\packages\\uipath.ocr.activities/3.0.0\\lib/net461/UiPath.OCR.Core.dll",
        "C:\\Users\\svc-BHRPALogon-NPRD\\.nuget\\packages\\uipath.ocr.contracts/2.7.3\\lib/net461/UiPath.OCR.Contracts.dll",
        "C:\\Users\\svc-BHRPALogon-NPRD\\.nuget\\packages\\uipath.platform/21.12.0-preview\\lib/net461/UiPath.Platform.dll",
        "C:\\Users\\svc-BHRPALogon-NPRD\\.nuget\\packages\\uipath.telemetry.client/1.5.3\\lib/net461/TelemetryClient.dll",
        "C:\\Users\\svc-BHRPALogon-NPRD\\.nuget\\packages\\uipath.uiautomation.activities/21.4.1-preview\\lib/net461/UiPath.CV.Activities.Design.dll",
        "C:\\Users\\svc-BHRPALogon-NPRD\\.nuget\\packages\\uipath.uiautomation.activities/21.4.1-preview\\lib/net461/UiPath.CV.Activities.dll",
        "C:\\Users\\svc-BHRPALogon-NPRD\\.nuget\\packages\\uipath.uiautomation.activities/21.4.1-preview\\lib/net461/UiPath.CV.dll",
        "C:\\Users\\svc-BHRPALogon-NPRD\\.nuget\\packages\\uipath.uiautomation.activities/21.4.1-preview\\lib/net461/UiPath.UIAutomation.Activities.Design.dll",
        "C:\\Users\\svc-BHRPALogon-NPRD\\.nuget\\packages\\uipath.uiautomation.activities/21.4.1-preview\\lib/net461/UiPath.UIAutomation.Activities.Package.dll",
        "C:\\Users\\svc-BHRPALogon-NPRD\\.nuget\\packages\\uipath.uiautomation.activities/21.4.1-preview\\lib/net461/UiPath.UIAutomationCore.dll",
        "C:\\Users\\svc-BHRPALogon-NPRD\\.nuget\\packages\\uipath.uiautomation.activities/21.4.1-preview\\lib/net461/UiPath.UIAutomationNext.Activities.Design.dll",
        "C:\\Users\\svc-BHRPALogon-NPRD\\.nuget\\packages\\uipath.uiautomation.activities/21.4.1-preview\\lib/net461/UiPath.UIAutomationNext.Activities.dll",
        "C:\\Users\\svc-BHRPALogon-NPRD\\.nuget\\packages\\uipath.uiautomation.activities/21.4.1-preview\\lib/net461/UiPath.UIAutomationNext.dll",
        "C:\\Users\\svc-BHRPALogon-NPRD\\.nuget\\packages\\uipath.uiautomation.activities/21.4.1-preview\\lib/net461/UiPath.UiAutomation.Activities.dll",
        "C:\\Users\\svc-BHRPALogon-NPRD\\.nuget\\packages\\uipath.uiautomation.activities/21.4.1-preview\\lib/net461/UiPath.Wizards.dll",
        "C:\\Users\\svc-BHRPALogon-NPRD\\.nuget\\packages\\uipath.vision/3.0.1\\lib/net461/UiPath.Vision.AzureComputerVision.dll",
        "C:\\Users\\svc-BHRPALogon-NPRD\\.nuget\\packages\\uipath.vision/3.0.1\\lib/net461/UiPath.Vision.Core.dll",
        "C:\\Users\\svc-BHRPALogon-NPRD\\.nuget\\packages\\uipath.vision/3.0.1\\lib/net461/UiPath.Vision.GoogleCloud.dll",
        "C:\\Users\\svc-BHRPALogon-NPRD\\.nuget\\packages\\uipath.vision/3.0.1\\lib/net461/UiPath.Vision.Microsoft.dll",
        "C:\\Users\\svc-BHRPALogon-NPRD\\.nuget\\packages\\uipath.vision/3.0.1\\lib/net461/UiPath.Vision.Tesseract.dll",
        "C:\\Users\\svc-BHRPALogon-NPRD\\.nuget\\packages\\uipath.vision/3.0.1\\lib/net461/UiPath.Vision.dll"
      ]
    },
    {
      "Package": {
        "Id": "UiPath.WebAPI.Activities",
        "Version": "1.11.0"
      },
      "Assemblies": [
        "C:\\Users\\svc-BHRPALogon-NPRD\\.nuget\\packages\\avalonedit/6.0.1\\lib/net45/ICSharpCode.AvalonEdit.dll",
        "C:\\Users\\svc-BHRPALogon-NPRD\\.nuget\\packages\\newtonsoft.json/13.0.1\\lib/net45/Newtonsoft.Json.dll",
        "C:\\Users\\svc-BHRPALogon-NPRD\\.nuget\\packages\\restsharp/106.15.0\\lib/net452/RestSharp.dll",
        "C:\\Users\\svc-BHRPALogon-NPRD\\.nuget\\packages\\system.io.abstractions/3.0.10\\lib/net40/System.IO.Abstractions.dll",
        "C:\\Users\\svc-BHRPALogon-NPRD\\.nuget\\packages\\system.valuetuple/4.5.0\\lib/net461/System.ValueTuple.dll",
        "C:\\Users\\svc-BHRPALogon-NPRD\\.nuget\\packages\\uipath.platform/21.12.0-preview\\lib/net461/UiPath.Platform.dll",
        "C:\\Users\\svc-BHRPALogon-NPRD\\.nuget\\packages\\uipath.webapi.activities/1.11.0\\lib/net461/UiPath.Web.Activities.Design.dll",
        "C:\\Users\\svc-BHRPALogon-NPRD\\.nuget\\packages\\uipath.webapi.activities/1.11.0\\lib/net461/UiPath.Web.Activities.dll",
        "C:\\Users\\svc-BHRPALogon-NPRD\\.nuget\\packages\\uipath.webapi.activities/1.11.0\\lib/net461/UiPath.Web.dll"
      ]
    },
    {
      "Package": {
        "Id": "UiPath.Word.Activities",
        "Version": "1.3.0"
      },
      "Assemblies": [
        "C:\\Users\\svc-BHRPALogon-NPRD\\.nuget\\packages\\docx/1.0.0.18\\lib/net40/DocX.dll",
        "C:\\Users\\svc-BHRPALogon-NPRD\\.nuget\\packages\\uipath.word.activities/1.3.0\\lib/net452/UiPath.Word.Activities.Design.dll",
        "C:\\Users\\svc-BHRPALogon-NPRD\\.nuget\\packages\\uipath.word.activities/1.3.0\\lib/net452/UiPath.Word.Activities.dll",
        "C:\\Users\\svc-BHRPALogon-NPRD\\.nuget\\packages\\uipath.word.activities/1.3.0\\lib/net452/UiPath.Word.dll"
      ]
    },
    {
      "Package": {
        "Id": "UiPathTeam.SharePoint.Activities",
        "Version": "1.7.0"
      },
      "Assemblies": [
        "C:\\Users\\svc-BHRPALogon-NPRD\\.nuget\\packages\\anglesharp/0.9.9\\lib/net45/AngleSharp.dll",
        "C:\\Users\\svc-BHRPALogon-NPRD\\.nuget\\packages\\microsoft.aspnet.webapi.client/5.2.3\\lib/net45/System.Net.Http.Formatting.dll",
        "C:\\Users\\svc-BHRPALogon-NPRD\\.nuget\\packages\\microsoft.aspnet.webapi.core/5.2.3\\lib/net45/System.Web.Http.dll",
        "C:\\Users\\svc-BHRPALogon-NPRD\\.nuget\\packages\\microsoft.azure.activedirectory.graphclient/2.1.0\\lib/portable-net4+sl5+win+wpa+wp8/Microsoft.Azure.ActiveDirectory.GraphClient.dll",
        "C:\\Users\\svc-BHRPALogon-NPRD\\.nuget\\packages\\microsoft.azure.keyvault.core/1.0.0\\lib/net40/Microsoft.Azure.KeyVault.Core.dll",
        "C:\\Users\\svc-BHRPALogon-NPRD\\.nuget\\packages\\microsoft.data.edm/5.8.4\\lib/net40/Microsoft.Data.Edm.dll",
        "C:\\Users\\svc-BHRPALogon-NPRD\\.nuget\\packages\\microsoft.data.odata/5.8.4\\lib/net40/Microsoft.Data.OData.dll",
        "C:\\Users\\svc-BHRPALogon-NPRD\\.nuget\\packages\\microsoft.data.services.client/5.8.4\\lib/net40/Microsoft.Data.Services.Client.dll",
        "C:\\Users\\svc-BHRPALogon-NPRD\\.nuget\\packages\\microsoft.graph/1.9.0\\lib/net45/Microsoft.Graph.dll",
        "C:\\Users\\svc-BHRPALogon-NPRD\\.nuget\\packages\\microsoft.graph.core/1.9.0\\lib/net45/Microsoft.Graph.Core.dll",
        "C:\\Users\\svc-BHRPALogon-NPRD\\.nuget\\packages\\microsoft.identity.client/4.32.0\\lib/net461/Microsoft.Identity.Client.dll",
        "C:\\Users\\svc-BHRPALogon-NPRD\\.nuget\\packages\\microsoft.identitymodel/6.1.7600.16394\\lib/net35/Microsoft.IdentityModel.dll",
        "C:\\Users\\svc-BHRPALogon-NPRD\\.nuget\\packages\\microsoft.identitymodel.clients.activedirectory/5.2.0\\lib/net45/Microsoft.IdentityModel.Clients.ActiveDirectory.dll",
        "C:\\Users\\svc-BHRPALogon-NPRD\\.nuget\\packages\\microsoft.identitymodel.jsonwebtokens/5.2.4\\lib/net451/Microsoft.IdentityModel.JsonWebTokens.dll",
        "C:\\Users\\svc-BHRPALogon-NPRD\\.nuget\\packages\\microsoft.identitymodel.logging/5.2.4\\lib/net451/Microsoft.IdentityModel.Logging.dll",
        "C:\\Users\\svc-BHRPALogon-NPRD\\.nuget\\packages\\microsoft.identitymodel.tokens/5.2.4\\lib/net451/Microsoft.IdentityModel.Tokens.dll",
        "C:\\Users\\svc-BHRPALogon-NPRD\\.nuget\\packages\\microsoft.sharepoint2016.csom/16.0.4690.1000\\lib/net45/Microsoft.Office.Client.Policy.dll",
        "C:\\Users\\svc-BHRPALogon-NPRD\\.nuget\\packages\\microsoft.sharepoint2016.csom/16.0.4690.1000\\lib/net45/Microsoft.Office.Client.TranslationServices.dll",
        "C:\\Users\\svc-BHRPALogon-NPRD\\.nuget\\packages\\microsoft.sharepoint2016.csom/16.0.4690.1000\\lib/net45/Microsoft.Online.SharePoint.Client.Tenant.dll",
        "C:\\Users\\svc-BHRPALogon-NPRD\\.nuget\\packages\\microsoft.sharepoint2016.csom/16.0.4690.1000\\lib/net45/Microsoft.SharePoint.Client.DocumentManagement.dll",
        "C:\\Users\\svc-BHRPALogon-NPRD\\.nuget\\packages\\microsoft.sharepoint2016.csom/16.0.4690.1000\\lib/net45/Microsoft.SharePoint.Client.Publishing.dll",
        "C:\\Users\\svc-BHRPALogon-NPRD\\.nuget\\packages\\microsoft.sharepoint2016.csom/16.0.4690.1000\\lib/net45/Microsoft.SharePoint.Client.Runtime.dll",
        "C:\\Users\\svc-BHRPALogon-NPRD\\.nuget\\packages\\microsoft.sharepoint2016.csom/16.0.4690.1000\\lib/net45/Microsoft.SharePoint.Client.Search.Applications.dll",
        "C:\\Users\\svc-BHRPALogon-NPRD\\.nuget\\packages\\microsoft.sharepoint2016.csom/16.0.4690.1000\\lib/net45/Microsoft.SharePoint.Client.Search.dll",
        "C:\\Users\\svc-BHRPALogon-NPRD\\.nuget\\packages\\microsoft.sharepoint2016.csom/16.0.4690.1000\\lib/net45/Microsoft.SharePoint.Client.Taxonomy.dll",
        "C:\\Users\\svc-BHRPALogon-NPRD\\.nuget\\packages\\microsoft.sharepoint2016.csom/16.0.4690.1000\\lib/net45/Microsoft.SharePoint.Client.UserProfiles.dll",
        "C:\\Users\\svc-BHRPALogon-NPRD\\.nuget\\packages\\microsoft.sharepoint2016.csom/16.0.4690.1000\\lib/net45/Microsoft.SharePoint.Client.WorkflowServices.dll",
        "C:\\Users\\svc-BHRPALogon-NPRD\\.nuget\\packages\\microsoft.sharepoint2016.csom/16.0.4690.1000\\lib/net45/Microsoft.SharePoint.Client.dll",
        "C:\\Users\\svc-BHRPALogon-NPRD\\.nuget\\packages\\newtonsoft.json/13.0.1\\lib/net45/Newtonsoft.Json.dll",
        "C:\\Users\\svc-BHRPALogon-NPRD\\.nuget\\packages\\sharepointpnp.identitymodel.extensions/1.2.4\\lib/net45/SharePointPnP.IdentityModel.Extensions.dll",
        "C:\\Users\\svc-BHRPALogon-NPRD\\.nuget\\packages\\sharepointpnpcore2016/3.12.1908\\lib/net45/Microsoft.Online.SharePoint.Client.Tenant.dll",
        "C:\\Users\\svc-BHRPALogon-NPRD\\.nuget\\packages\\sharepointpnpcore2016/3.12.1908\\lib/net45/OfficeDevPnP.Core.dll",
        "C:\\Users\\svc-BHRPALogon-NPRD\\.nuget\\packages\\system.identitymodel.tokens.jwt/5.2.4\\lib/net451/System.IdentityModel.Tokens.Jwt.dll",
        "C:\\Users\\svc-BHRPALogon-NPRD\\.nuget\\packages\\system.net.http/4.3.4\\lib/net46/System.Net.Http.dll",
        "C:\\Users\\svc-BHRPALogon-NPRD\\.nuget\\packages\\system.security.cryptography.algorithms/4.3.0\\lib/net461/System.Security.Cryptography.Algorithms.dll",
        "C:\\Users\\svc-BHRPALogon-NPRD\\.nuget\\packages\\system.security.cryptography.encoding/4.3.0\\lib/net46/System.Security.Cryptography.Encoding.dll",
        "C:\\Users\\svc-BHRPALogon-NPRD\\.nuget\\packages\\system.security.cryptography.primitives/4.3.0\\lib/net46/System.Security.Cryptography.Primitives.dll",
        "C:\\Users\\svc-BHRPALogon-NPRD\\.nuget\\packages\\system.security.cryptography.x509certificates/4.3.0\\lib/net461/System.Security.Cryptography.X509Certificates.dll",
        "C:\\Users\\svc-BHRPALogon-NPRD\\.nuget\\packages\\system.spatial/5.8.4\\lib/net40/System.Spatial.dll",
        "C:\\Users\\svc-BHRPALogon-NPRD\\.nuget\\packages\\uipathteam.sharepoint.activities/1.7.0\\lib/net452/UiPathTeam.SharePoint.Activities.Design.dll",
        "C:\\Users\\svc-BHRPALogon-NPRD\\.nuget\\packages\\uipathteam.sharepoint.activities/1.7.0\\lib/net452/UiPathTeam.SharePoint.Activities.dll",
        "C:\\Users\\svc-BHRPALogon-NPRD\\.nuget\\packages\\uipathteam.sharepoint.activities/1.7.0\\lib/net452/UiPathTeam.SharePoint.dll",
        "C:\\Users\\svc-BHRPALogon-NPRD\\.nuget\\packages\\windowsazure.storage/7.0.0\\lib/net40/Microsoft.WindowsAzure.Storage.dll"
      ]
    },
    {
      "Package": {
        "Id": "UiPath.Mail.Activities",
        "Version": "1.12.2"
      },
      "Assemblies": [
        "C:\\Users\\svc-BHRPALogon-NPRD\\.nuget\\packages\\google.apis/1.43.0\\lib/net45/Google.Apis.dll",
        "C:\\Users\\svc-BHRPALogon-NPRD\\.nuget\\packages\\google.apis/1.43.0\\lib/net45/Google.Apis.PlatformServices.dll",
        "C:\\Users\\svc-BHRPALogon-NPRD\\.nuget\\packages\\google.apis.auth/1.43.0\\lib/net45/Google.Apis.Auth.dll",
        "C:\\Users\\svc-BHRPALogon-NPRD\\.nuget\\packages\\google.apis.auth/1.43.0\\lib/net45/Google.Apis.Auth.PlatformServices.dll",
        "C:\\Users\\svc-BHRPALogon-NPRD\\.nuget\\packages\\google.apis.calendar.v3/1.43.0.1872\\lib/net45/Google.Apis.Calendar.v3.dll",
        "C:\\Users\\svc-BHRPALogon-NPRD\\.nuget\\packages\\google.apis.core/1.43.0\\lib/net45/Google.Apis.Core.dll",
        "C:\\Users\\svc-BHRPALogon-NPRD\\.nuget\\packages\\google.apis.gmail.v1/1.43.0.1859\\lib/net45/Google.Apis.Gmail.v1.dll",
        "C:\\Users\\svc-BHRPALogon-NPRD\\.nuget\\packages\\google.apis.peopleservice.v1/1.43.0.1876\\lib/net45/Google.Apis.PeopleService.v1.dll",
        "C:\\Users\\svc-BHRPALogon-NPRD\\.nuget\\packages\\mailkit/2.10.0\\lib/net46/MailKit.dll",
        "C:\\Users\\svc-BHRPALogon-NPRD\\.nuget\\packages\\microsoft.exchange.webservices/2.2.0\\lib/40/Microsoft.Exchange.WebServices.Auth.dll",
        "C:\\Users\\svc-BHRPALogon-NPRD\\.nuget\\packages\\microsoft.exchange.webservices/2.2.0\\lib/40/Microsoft.Exchange.WebServices.dll",
        "C:\\Users\\svc-BHRPALogon-NPRD\\.nuget\\packages\\microsoft.extensions.filesystemglobbing/5.0.0\\lib/net461/Microsoft.Extensions.FileSystemGlobbing.dll",
        "C:\\Users\\svc-BHRPALogon-NPRD\\.nuget\\packages\\microsoft.identity.client/4.32.0\\lib/net461/Microsoft.Identity.Client.dll",
        "C:\\Users\\svc-BHRPALogon-NPRD\\.nuget\\packages\\microsoft.identity.client.desktop/4.32.0\\lib/net461/Microsoft.Identity.Client.Desktop.dll",
        "C:\\Users\\svc-BHRPALogon-NPRD\\.nuget\\packages\\microsoft.web.webview2/1.0.705.50\\lib/net45/Microsoft.Web.WebView2.Core.dll",
        "C:\\Users\\svc-BHRPALogon-NPRD\\.nuget\\packages\\microsoft.web.webview2/1.0.705.50\\lib/net45/Microsoft.Web.WebView2.WinForms.dll",
        "C:\\Users\\svc-BHRPALogon-NPRD\\.nuget\\packages\\microsoft.web.webview2/1.0.705.50\\lib/net45/Microsoft.Web.WebView2.Wpf.dll",
        "C:\\Users\\svc-BHRPALogon-NPRD\\.nuget\\packages\\mimekit/2.10.0\\lib/net46/MimeKit.dll",
        "C:\\Users\\svc-BHRPALogon-NPRD\\.nuget\\packages\\newtonsoft.json/13.0.1\\lib/net45/Newtonsoft.Json.dll",
        "C:\\Users\\svc-BHRPALogon-NPRD\\.nuget\\packages\\nito.asyncex.context/5.1.0\\lib/netstandard2.0/Nito.AsyncEx.Context.dll",
        "C:\\Users\\svc-BHRPALogon-NPRD\\.nuget\\packages\\nito.asyncex.coordination/5.1.0\\lib/netstandard2.0/Nito.AsyncEx.Coordination.dll",
        "C:\\Users\\svc-BHRPALogon-NPRD\\.nuget\\packages\\nito.asyncex.interop.waithandles/5.1.0\\lib/netstandard2.0/Nito.AsyncEx.Interop.WaitHandles.dll",
        "C:\\Users\\svc-BHRPALogon-NPRD\\.nuget\\packages\\nito.asyncex.oop/5.1.0\\lib/netstandard2.0/Nito.AsyncEx.Oop.dll",
        "C:\\Users\\svc-BHRPALogon-NPRD\\.nuget\\packages\\nito.asyncex.tasks/5.1.0\\lib/netstandard2.0/Nito.AsyncEx.Tasks.dll",
        "C:\\Users\\svc-BHRPALogon-NPRD\\.nuget\\packages\\nito.cancellation/1.1.0\\lib/netstandard2.0/Nito.Cancellation.dll",
        "C:\\Users\\svc-BHRPALogon-NPRD\\.nuget\\packages\\nito.collections.deque/1.1.0\\lib/netstandard2.0/Nito.Collections.Deque.dll",
        "C:\\Users\\svc-BHRPALogon-NPRD\\.nuget\\packages\\nito.disposables/2.2.0\\lib/net461/Nito.Disposables.dll",
        "C:\\Users\\svc-BHRPALogon-NPRD\\.nuget\\packages\\portable.bouncycastle/1.8.8\\lib/net40/BouncyCastle.Crypto.dll",
        "C:\\Users\\svc-BHRPALogon-NPRD\\.nuget\\packages\\system.buffers/4.5.1\\lib/net461/System.Buffers.dll",
        "C:\\Users\\svc-BHRPALogon-NPRD\\.nuget\\packages\\system.collections.immutable/5.0.0\\lib/net461/System.Collections.Immutable.dll",
        "C:\\Users\\svc-BHRPALogon-NPRD\\.nuget\\packages\\system.io.abstractions/3.0.10\\lib/net40/System.IO.Abstractions.dll",
        "C:\\Users\\svc-BHRPALogon-NPRD\\.nuget\\packages\\system.memory/4.5.4\\lib/net461/System.Memory.dll",
        "C:\\Users\\svc-BHRPALogon-NPRD\\.nuget\\packages\\system.numerics.vectors/4.5.0\\lib/net46/System.Numerics.Vectors.dll",
        "C:\\Users\\svc-BHRPALogon-NPRD\\.nuget\\packages\\system.runtime.compilerservices.unsafe/4.7.1\\lib/net461/System.Runtime.CompilerServices.Unsafe.dll",
        "C:\\Users\\svc-BHRPALogon-NPRD\\.nuget\\packages\\system.threading.tasks.dataflow/5.0.0\\lib/net461/System.Threading.Tasks.Dataflow.dll",
        "C:\\Users\\svc-BHRPALogon-NPRD\\.nuget\\packages\\system.valuetuple/4.5.0\\lib/net461/System.ValueTuple.dll",
        "C:\\Users\\svc-BHRPALogon-NPRD\\.nuget\\packages\\uipath.activities.runtimegovernance/1.1.3\\lib/net461/UiPath.Activities.RuntimeGovernance.dll",
        "C:\\Users\\svc-BHRPALogon-NPRD\\.nuget\\packages\\uipath.connectionclient/1.0.0-20210921.1\\lib/net461/ConnectionClient.dll",
        "C:\\Users\\svc-BHRPALogon-NPRD\\.nuget\\packages\\uipath.mail.activities/1.12.2\\lib/net461/Interop.Domino.UiPath.dll",
        "C:\\Users\\svc-BHRPALogon-NPRD\\.nuget\\packages\\uipath.mail.activities/1.12.2\\lib/net461/Microsoft.Office.Interop.Outlook.dll",
        "C:\\Users\\svc-BHRPALogon-NPRD\\.nuget\\packages\\uipath.mail.activities/1.12.2\\lib/net461/Microsoft.Office.Interop.Word.dll",
        "C:\\Users\\svc-BHRPALogon-NPRD\\.nuget\\packages\\uipath.mail.activities/1.12.2\\lib/net461/Office.dll",
        "C:\\Users\\svc-BHRPALogon-NPRD\\.nuget\\packages\\uipath.mail.activities/1.12.2\\lib/net461/UiPath.Mail.Activities.Design.dll",
        "C:\\Users\\svc-BHRPALogon-NPRD\\.nuget\\packages\\uipath.mail.activities/1.12.2\\lib/net461/UiPath.Mail.Activities.dll",
        "C:\\Users\\svc-BHRPALogon-NPRD\\.nuget\\packages\\uipath.mail.activities/1.12.2\\lib/net461/UiPath.Mail.Activities.Package.dll",
        "C:\\Users\\svc-BHRPALogon-NPRD\\.nuget\\packages\\uipath.mail.activities/1.12.2\\lib/net461/UiPath.Mail.dll",
        "C:\\Users\\svc-BHRPALogon-NPRD\\.nuget\\packages\\uipath.mail.activities/1.12.2\\lib/net461/UiPath.MainSessionServer.Shared.dll",
        "C:\\Users\\svc-BHRPALogon-NPRD\\.nuget\\packages\\uipath.platform/21.12.0-preview\\lib/net461/UiPath.Platform.dll",
        "C:\\Users\\svc-BHRPALogon-NPRD\\.nuget\\packages\\uipath.telemetry.client/1.5.3\\lib/net461/TelemetryClient.dll"
      ]
    }
  ],
  "Conflicts": [],
  "ResolvedDependencies": {
    "AngleSharp": {
      "Id": "AngleSharp",
      "Version": "0.9.9",
      "Dependencies": []
    },
    "AutoMapper": {
      "Id": "AutoMapper",
      "Version": "9.0.0",
      "Dependencies": []
    },
    "AvalonEdit": {
      "Id": "AvalonEdit",
      "Version": "6.0.1",
      "Dependencies": []
    },
    "ClosedXML": {
      "Id": "ClosedXML",
      "Version": "0.87.1",
      "Dependencies": [
        {
          "Item1": "DocumentFormat.OpenXml",
          "Item2": "[2.5.0, )"
        }
      ]
    },
    "CsvHelper": {
      "Id": "CsvHelper",
      "Version": "16.0.0",
      "Dependencies": [
        {
          "Item1": "Microsoft.CSharp",
          "Item2": "[4.5.0, )"
        },
        {
          "Item1": "System.ValueTuple",
          "Item2": "[4.4.0, )"
        }
      ]
    },
    "DocumentFormat.OpenXml": {
      "Id": "DocumentFormat.OpenXml",
      "Version": "2.5.0",
      "Dependencies": []
    },
    "DocX": {
      "Id": "DocX",
      "Version": "1.0.0.18",
      "Dependencies": []
    },
    "Fluent.Ribbon": {
      "Id": "Fluent.Ribbon",
      "Version": "3.5.1.198",
      "Dependencies": []
    },
    "Google.Apis": {
      "Id": "Google.Apis",
      "Version": "1.43.0",
      "Dependencies": [
        {
          "Item1": "Google.Apis.Core",
          "Item2": "[1.43.0, )"
        },
        {
          "Item1": "Newtonsoft.Json",
          "Item2": "[10.0.2, )"
        }
      ]
    },
    "Google.Apis.Auth": {
      "Id": "Google.Apis.Auth",
      "Version": "1.43.0",
      "Dependencies": [
        {
          "Item1": "Google.Apis.Core",
          "Item2": "[1.43.0, )"
        },
        {
          "Item1": "Google.Apis",
          "Item2": "[1.43.0, )"
        }
      ]
    },
    "Google.Apis.Calendar.v3": {
      "Id": "Google.Apis.Calendar.v3",
      "Version": "1.43.0.1872",
      "Dependencies": [
        {
          "Item1": "Google.Apis",
          "Item2": "[1.43.0, )"
        },
        {
          "Item1": "Google.Apis.Auth",
          "Item2": "[1.43.0, )"
        }
      ]
    },
    "Google.Apis.Core": {
      "Id": "Google.Apis.Core",
      "Version": "1.43.0",
      "Dependencies": [
        {
          "Item1": "Newtonsoft.Json",
          "Item2": "[10.0.2, )"
        }
      ]
    },
    "Google.Apis.Gmail.v1": {
      "Id": "Google.Apis.Gmail.v1",
      "Version": "1.43.0.1859",
      "Dependencies": [
        {
          "Item1": "Google.Apis",
          "Item2": "[1.43.0, )"
        },
        {
          "Item1": "Google.Apis.Auth",
          "Item2": "[1.43.0, )"
        }
      ]
    },
    "Google.Apis.PeopleService.v1": {
      "Id": "Google.Apis.PeopleService.v1",
      "Version": "1.43.0.1876",
      "Dependencies": [
        {
          "Item1": "Google.Apis",
          "Item2": "[1.43.0, )"
        },
        {
          "Item1": "Google.Apis.Auth",
          "Item2": "[1.43.0, )"
        }
      ]
    },
    "MailKit": {
      "Id": "MailKit",
      "Version": "2.10.0",
      "Dependencies": [
        {
          "Item1": "MimeKit",
          "Item2": "[2.10.0, )"
        }
      ]
    },
    "Microsoft.Activities": {
      "Id": "Microsoft.Activities",
      "Version": "1.0.1",
      "Dependencies": []
    },
    "Microsoft.AspNet.SignalR.Client": {
      "Id": "Microsoft.AspNet.SignalR.Client",
      "Version": "2.4.0",
      "Dependencies": [
        {
          "Item1": "Newtonsoft.Json",
          "Item2": "[6.0.4, )"
        }
      ]
    },
    "Microsoft.AspNet.WebApi.Client": {
      "Id": "Microsoft.AspNet.WebApi.Client",
      "Version": "5.2.3",
      "Dependencies": [
        {
          "Item1": "Newtonsoft.Json",
          "Item2": "[6.0.4, )"
        }
      ]
    },
    "Microsoft.AspNet.WebApi.Core": {
      "Id": "Microsoft.AspNet.WebApi.Core",
      "Version": "5.2.3",
      "Dependencies": [
        {
          "Item1": "Microsoft.AspNet.WebApi.Client",
          "Item2": "[5.2.3, )"
        }
      ]
    },
    "Microsoft.AspNetCore.Connections.Abstractions": {
      "Id": "Microsoft.AspNetCore.Connections.Abstractions",
      "Version": "3.1.6",
      "Dependencies": [
        {
          "Item1": "Microsoft.AspNetCore.Http.Features",
          "Item2": "[3.1.6, )"
        },
        {
          "Item1": "Microsoft.Bcl.AsyncInterfaces",
          "Item2": "[1.1.1, )"
        },
        {
          "Item1": "System.IO.Pipelines",
          "Item2": "[4.7.1, )"
        }
      ]
    },
    "Microsoft.AspNetCore.Http.Connections.Client": {
      "Id": "Microsoft.AspNetCore.Http.Connections.Client",
      "Version": "3.1.6",
      "Dependencies": [
        {
          "Item1": "Microsoft.AspNetCore.Http.Connections.Common",
          "Item2": "[3.1.6, )"
        },
        {
          "Item1": "Microsoft.Extensions.Logging.Abstractions",
          "Item2": "[3.1.6, )"
        },
        {
          "Item1": "Microsoft.Extensions.Options",
          "Item2": "[3.1.6, )"
        }
      ]
    },
    "Microsoft.AspNetCore.Http.Connections.Common": {
      "Id": "Microsoft.AspNetCore.Http.Connections.Common",
      "Version": "3.1.6",
      "Dependencies": [
        {
          "Item1": "Microsoft.AspNetCore.Connections.Abstractions",
          "Item2": "[3.1.6, )"
        },
        {
          "Item1": "System.Text.Json",
          "Item2": "[4.7.2, )"
        }
      ]
    },
    "Microsoft.AspNetCore.Http.Features": {
      "Id": "Microsoft.AspNetCore.Http.Features",
      "Version": "3.1.6",
      "Dependencies": [
        {
          "Item1": "Microsoft.Extensions.Primitives",
          "Item2": "[3.1.6, )"
        },
        {
          "Item1": "System.IO.Pipelines",
          "Item2": "[4.7.1, )"
        }
      ]
    },
    "Microsoft.AspNetCore.SignalR.Client": {
      "Id": "Microsoft.AspNetCore.SignalR.Client",
      "Version": "3.1.6",
      "Dependencies": [
        {
          "Item1": "Microsoft.AspNetCore.SignalR.Client.Core",
          "Item2": "[3.1.6, )"
        },
        {
          "Item1": "Microsoft.AspNetCore.Http.Connections.Client",
          "Item2": "[3.1.6, )"
        }
      ]
    },
    "Microsoft.AspNetCore.SignalR.Client.Core": {
      "Id": "Microsoft.AspNetCore.SignalR.Client.Core",
      "Version": "3.1.6",
      "Dependencies": [
        {
          "Item1": "Microsoft.AspNetCore.SignalR.Protocols.Json",
          "Item2": "[3.1.6, )"
        },
        {
          "Item1": "Microsoft.AspNetCore.SignalR.Common",
          "Item2": "[3.1.6, )"
        },
        {
          "Item1": "Microsoft.Bcl.AsyncInterfaces",
          "Item2": "[1.1.1, )"
        },
        {
          "Item1": "Microsoft.Extensions.DependencyInjection",
          "Item2": "[3.1.6, )"
        },
        {
          "Item1": "Microsoft.Extensions.Logging",
          "Item2": "[3.1.6, )"
        },
        {
          "Item1": "System.Threading.Channels",
          "Item2": "[4.7.1, )"
        }
      ]
    },
    "Microsoft.AspNetCore.SignalR.Common": {
      "Id": "Microsoft.AspNetCore.SignalR.Common",
      "Version": "3.1.6",
      "Dependencies": [
        {
          "Item1": "Microsoft.AspNetCore.Connections.Abstractions",
          "Item2": "[3.1.6, )"
        },
        {
          "Item1": "Microsoft.Extensions.Options",
          "Item2": "[3.1.6, )"
        },
        {
          "Item1": "System.Text.Json",
          "Item2": "[4.7.2, )"
        }
      ]
    },
    "Microsoft.AspNetCore.SignalR.Protocols.Json": {
      "Id": "Microsoft.AspNetCore.SignalR.Protocols.Json",
      "Version": "3.1.6",
      "Dependencies": [
        {
          "Item1": "Microsoft.AspNetCore.SignalR.Common",
          "Item2": "[3.1.6, )"
        }
      ]
    },
    "Microsoft.Azure.ActiveDirectory.GraphClient": {
      "Id": "Microsoft.Azure.ActiveDirectory.GraphClient",
      "Version": "2.1.0",
      "Dependencies": [
        {
          "Item1": "Microsoft.Data.Services.Client",
          "Item2": "[5.6.4, )"
        },
        {
          "Item1": "Microsoft.Data.Edm",
          "Item2": "[5.6.4, )"
        },
        {
          "Item1": "Microsoft.Data.OData",
          "Item2": "[5.6.4, )"
        },
        {
          "Item1": "System.Spatial",
          "Item2": "[5.6.4, )"
        }
      ]
    },
    "Microsoft.Azure.KeyVault.Core": {
      "Id": "Microsoft.Azure.KeyVault.Core",
      "Version": "1.0.0",
      "Dependencies": []
    },
    "Microsoft.Bcl.AsyncInterfaces": {
      "Id": "Microsoft.Bcl.AsyncInterfaces",
      "Version": "1.1.1",
      "Dependencies": [
        {
          "Item1": "System.Threading.Tasks.Extensions",
          "Item2": "[4.5.4, )"
        }
      ]
    },
    "Microsoft.CodeAnalysis.Analyzers": {
      "Id": "Microsoft.CodeAnalysis.Analyzers",
      "Version": "3.0.0",
      "Dependencies": []
    },
    "Microsoft.CodeAnalysis.Common": {
      "Id": "Microsoft.CodeAnalysis.Common",
      "Version": "3.8.0",
      "Dependencies": [
        {
          "Item1": "Microsoft.CodeAnalysis.Analyzers",
          "Item2": "[3.0.0, )"
        },
        {
          "Item1": "System.Collections.Immutable",
          "Item2": "[5.0.0, )"
        },
        {
          "Item1": "System.Memory",
          "Item2": "[4.5.4, )"
        },
        {
          "Item1": "System.Reflection.Metadata",
          "Item2": "[5.0.0, )"
        },
        {
          "Item1": "System.Runtime.CompilerServices.Unsafe",
          "Item2": "[4.7.1, )"
        },
        {
          "Item1": "System.Text.Encoding.CodePages",
          "Item2": "[4.5.1, )"
        },
        {
          "Item1": "System.Threading.Tasks.Extensions",
          "Item2": "[4.5.4, )"
        }
      ]
    },
    "Microsoft.CodeAnalysis.CSharp": {
      "Id": "Microsoft.CodeAnalysis.CSharp",
      "Version": "3.8.0",
      "Dependencies": [
        {
          "Item1": "Microsoft.CodeAnalysis.Common",
          "Item2": "[3.8.0, 3.8.0]"
        }
      ]
    },
    "Microsoft.CodeAnalysis.VisualBasic": {
      "Id": "Microsoft.CodeAnalysis.VisualBasic",
      "Version": "3.8.0",
      "Dependencies": [
        {
          "Item1": "Microsoft.CodeAnalysis.Common",
          "Item2": "[3.8.0, 3.8.0]"
        }
      ]
    },
    "Microsoft.CSharp": {
      "Id": "Microsoft.CSharp",
      "Version": "4.7.0",
      "Dependencies": []
    },
    "Microsoft.Data.Edm": {
      "Id": "Microsoft.Data.Edm",
      "Version": "5.8.4",
      "Dependencies": []
    },
    "Microsoft.Data.OData": {
      "Id": "Microsoft.Data.OData",
      "Version": "5.8.4",
      "Dependencies": [
        {
          "Item1": "System.Spatial",
          "Item2": "[5.8.4, 5.8.4]"
        },
        {
          "Item1": "Microsoft.Data.Edm",
          "Item2": "[5.8.4, 5.8.4]"
        }
      ]
    },
    "Microsoft.Data.Services.Client": {
      "Id": "Microsoft.Data.Services.Client",
      "Version": "5.8.4",
      "Dependencies": [
        {
          "Item1": "Microsoft.Data.OData",
          "Item2": "[5.8.4, 5.8.4]"
        }
      ]
    },
    "Microsoft.Exchange.WebServices": {
      "Id": "Microsoft.Exchange.WebServices",
      "Version": "2.2.0",
      "Dependencies": []
    },
    "Microsoft.Extensions.Configuration": {
      "Id": "Microsoft.Extensions.Configuration",
      "Version": "3.1.6",
      "Dependencies": [
        {
          "Item1": "Microsoft.Extensions.Configuration.Abstractions",
          "Item2": "[3.1.6, )"
        }
      ]
    },
    "Microsoft.Extensions.Configuration.Abstractions": {
      "Id": "Microsoft.Extensions.Configuration.Abstractions",
      "Version": "3.1.6",
      "Dependencies": [
        {
          "Item1": "Microsoft.Extensions.Primitives",
          "Item2": "[3.1.6, )"
        }
      ]
    },
    "Microsoft.Extensions.Configuration.Binder": {
      "Id": "Microsoft.Extensions.Configuration.Binder",
      "Version": "3.1.6",
      "Dependencies": [
        {
          "Item1": "Microsoft.Extensions.Configuration",
          "Item2": "[3.1.6, )"
        }
      ]
    },
    "Microsoft.Extensions.DependencyInjection": {
      "Id": "Microsoft.Extensions.DependencyInjection",
      "Version": "3.1.6",
      "Dependencies": [
        {
          "Item1": "Microsoft.Extensions.DependencyInjection.Abstractions",
          "Item2": "[3.1.6, )"
        },
        {
          "Item1": "Microsoft.Bcl.AsyncInterfaces",
          "Item2": "[1.1.1, )"
        }
      ]
    },
    "Microsoft.Extensions.DependencyInjection.Abstractions": {
      "Id": "Microsoft.Extensions.DependencyInjection.Abstractions",
      "Version": "3.1.6",
      "Dependencies": []
    },
    "Microsoft.Extensions.FileSystemGlobbing": {
      "Id": "Microsoft.Extensions.FileSystemGlobbing",
      "Version": "5.0.0",
      "Dependencies": []
    },
    "Microsoft.Extensions.Logging": {
      "Id": "Microsoft.Extensions.Logging",
      "Version": "3.1.6",
      "Dependencies": [
        {
          "Item1": "Microsoft.Extensions.Configuration.Binder",
          "Item2": "[3.1.6, )"
        },
        {
          "Item1": "Microsoft.Extensions.DependencyInjection",
          "Item2": "[3.1.6, )"
        },
        {
          "Item1": "Microsoft.Extensions.Logging.Abstractions",
          "Item2": "[3.1.6, )"
        },
        {
          "Item1": "Microsoft.Extensions.Options",
          "Item2": "[3.1.6, )"
        }
      ]
    },
    "Microsoft.Extensions.Logging.Abstractions": {
      "Id": "Microsoft.Extensions.Logging.Abstractions",
      "Version": "3.1.6",
      "Dependencies": []
    },
    "Microsoft.Extensions.Options": {
      "Id": "Microsoft.Extensions.Options",
      "Version": "3.1.6",
      "Dependencies": [
        {
          "Item1": "Microsoft.Extensions.DependencyInjection.Abstractions",
          "Item2": "[3.1.6, )"
        },
        {
          "Item1": "Microsoft.Extensions.Primitives",
          "Item2": "[3.1.6, )"
        },
        {
          "Item1": "System.ComponentModel.Annotations",
          "Item2": "[4.7.0, )"
        }
      ]
    },
    "Microsoft.Extensions.Primitives": {
      "Id": "Microsoft.Extensions.Primitives",
      "Version": "3.1.6",
      "Dependencies": [
        {
          "Item1": "System.Memory",
          "Item2": "[4.5.2, )"
        },
        {
          "Item1": "System.Runtime.CompilerServices.Unsafe",
          "Item2": "[4.7.1, )"
        }
      ]
    },
    "Microsoft.Graph": {
      "Id": "Microsoft.Graph",
      "Version": "1.9.0",
      "Dependencies": [
        {
          "Item1": "Microsoft.Graph.Core",
          "Item2": "[1.9.0, )"
        },
        {
          "Item1": "System.Net.Http",
          "Item2": "[4.3.1, )"
        },
        {
          "Item1": "Newtonsoft.Json",
          "Item2": "[6.0.1, 12.0.0)"
        }
      ]
    },
    "Microsoft.Graph.Core": {
      "Id": "Microsoft.Graph.Core",
      "Version": "1.9.0",
      "Dependencies": [
        {
          "Item1": "Newtonsoft.Json",
          "Item2": "[6.0.1, 12.0.0)"
        }
      ]
    },
    "Microsoft.Identity.Client": {
      "Id": "Microsoft.Identity.Client",
      "Version": "4.32.0",
      "Dependencies": []
    },
    "Microsoft.Identity.Client.Desktop": {
      "Id": "Microsoft.Identity.Client.Desktop",
      "Version": "4.32.0",
      "Dependencies": [
        {
          "Item1": "Microsoft.Identity.Client",
          "Item2": "[4.32.0, )"
        },
        {
          "Item1": "Microsoft.Web.WebView2",
          "Item2": "[1.0.705.50, )"
        },
        {
          "Item1": "Microsoft.Windows.SDK.Contracts",
          "Item2": "[10.0.17763.1000, )"
        }
      ]
    },
    "Microsoft.IdentityModel": {
      "Id": "Microsoft.IdentityModel",
      "Version": "6.1.7600.16394",
      "Dependencies": []
    },
    "Microsoft.IdentityModel.Clients.ActiveDirectory": {
      "Id": "Microsoft.IdentityModel.Clients.ActiveDirectory",
      "Version": "5.2.0",
      "Dependencies": [
        {
          "Item1": "System.Net.Http",
          "Item2": "[4.3.4, )"
        }
      ]
    },
    "Microsoft.IdentityModel.JsonWebTokens": {
      "Id": "Microsoft.IdentityModel.JsonWebTokens",
      "Version": "5.2.4",
      "Dependencies": [
        {
          "Item1": "Microsoft.IdentityModel.Tokens",
          "Item2": "[5.2.4, )"
        },
        {
          "Item1": "Newtonsoft.Json",
          "Item2": "[10.0.1, )"
        }
      ]
    },
    "Microsoft.IdentityModel.Logging": {
      "Id": "Microsoft.IdentityModel.Logging",
      "Version": "5.2.4",
      "Dependencies": []
    },
    "Microsoft.IdentityModel.Tokens": {
      "Id": "Microsoft.IdentityModel.Tokens",
      "Version": "5.2.4",
      "Dependencies": [
        {
          "Item1": "Microsoft.IdentityModel.Logging",
          "Item2": "[5.2.4, )"
        },
        {
          "Item1": "Newtonsoft.Json",
          "Item2": "[10.0.1, )"
        }
      ]
    },
    "Microsoft.Rest.ClientRuntime": {
      "Id": "Microsoft.Rest.ClientRuntime",
      "Version": "2.3.21",
      "Dependencies": [
        {
          "Item1": "Newtonsoft.Json",
          "Item2": "[10.0.3, )"
        }
      ]
    },
    "Microsoft.SharePoint2016.CSOM": {
      "Id": "Microsoft.SharePoint2016.CSOM",
      "Version": "16.0.4690.1000",
      "Dependencies": []
    },
    "Microsoft.VisualBasic": {
      "Id": "Microsoft.VisualBasic",
      "Version": "10.3.0",
      "Dependencies": []
    },
    "Microsoft.VisualStudio.OLE.Interop": {
      "Id": "Microsoft.VisualStudio.OLE.Interop",
      "Version": "7.10.6071",
      "Dependencies": []
    },
    "Microsoft.Web.WebView2": {
      "Id": "Microsoft.Web.WebView2",
      "Version": "1.0.705.50",
      "Dependencies": []
    },
    "Microsoft.Windows.SDK.Contracts": {
      "Id": "Microsoft.Windows.SDK.Contracts",
      "Version": "10.0.17763.1000",
      "Dependencies": [
        {
          "Item1": "System.Runtime.WindowsRuntime",
          "Item2": "[4.6.0, )"
        },
        {
          "Item1": "System.Runtime.WindowsRuntime.UI.Xaml",
          "Item2": "[4.6.0, )"
        }
      ]
    },
    "MimeKit": {
      "Id": "MimeKit",
      "Version": "2.10.0",
      "Dependencies": [
        {
          "Item1": "System.Data.DataSetExtensions",
          "Item2": "[4.5.0, )"
        },
        {
          "Item1": "System.Buffers",
          "Item2": "[4.5.1, )"
        },
        {
          "Item1": "Portable.BouncyCastle",
          "Item2": "[1.8.8, )"
        }
      ]
    },
    "Newtonsoft.Json": {
      "Id": "Newtonsoft.Json",
      "Version": "13.0.1",
      "Dependencies": []
    },
    "Nito.AsyncEx": {
      "Id": "Nito.AsyncEx",
      "Version": "5.1.0",
      "Dependencies": [
        {
          "Item1": "Nito.AsyncEx.Context",
          "Item2": "[5.1.0, )"
        },
        {
          "Item1": "Nito.AsyncEx.Coordination",
          "Item2": "[5.1.0, )"
        },
        {
          "Item1": "Nito.AsyncEx.Interop.WaitHandles",
          "Item2": "[5.1.0, )"
        },
        {
          "Item1": "Nito.AsyncEx.Oop",
          "Item2": "[5.1.0, )"
        },
        {
          "Item1": "Nito.AsyncEx.Tasks",
          "Item2": "[5.1.0, )"
        },
        {
          "Item1": "Nito.Cancellation",
          "Item2": "[1.1.0, )"
        }
      ]
    },
    "Nito.AsyncEx.Context": {
      "Id": "Nito.AsyncEx.Context",
      "Version": "5.1.0",
      "Dependencies": [
        {
          "Item1": "Nito.AsyncEx.Tasks",
          "Item2": "[5.1.0, )"
        }
      ]
    },
    "Nito.AsyncEx.Coordination": {
      "Id": "Nito.AsyncEx.Coordination",
      "Version": "5.1.0",
      "Dependencies": [
        {
          "Item1": "Nito.AsyncEx.Tasks",
          "Item2": "[5.1.0, )"
        },
        {
          "Item1": "Nito.Collections.Deque",
          "Item2": "[1.1.0, )"
        }
      ]
    },
    "Nito.AsyncEx.Interop.WaitHandles": {
      "Id": "Nito.AsyncEx.Interop.WaitHandles",
      "Version": "5.1.0",
      "Dependencies": [
        {
          "Item1": "Nito.AsyncEx.Tasks",
          "Item2": "[5.1.0, )"
        }
      ]
    },
    "Nito.AsyncEx.Oop": {
      "Id": "Nito.AsyncEx.Oop",
      "Version": "5.1.0",
      "Dependencies": [
        {
          "Item1": "Nito.AsyncEx.Coordination",
          "Item2": "[5.1.0, )"
        }
      ]
    },
    "Nito.AsyncEx.Tasks": {
      "Id": "Nito.AsyncEx.Tasks",
      "Version": "5.1.0",
      "Dependencies": [
        {
          "Item1": "Nito.Disposables",
          "Item2": "[2.2.0, )"
        }
      ]
    },
    "Nito.Cancellation": {
      "Id": "Nito.Cancellation",
      "Version": "1.1.0",
      "Dependencies": [
        {
          "Item1": "Nito.Disposables",
          "Item2": "[2.2.0, )"
        }
      ]
    },
    "Nito.Collections.Deque": {
      "Id": "Nito.Collections.Deque",
      "Version": "1.1.0",
      "Dependencies": []
    },
    "Nito.Disposables": {
      "Id": "Nito.Disposables",
      "Version": "2.2.0",
      "Dependencies": [
        {
          "Item1": "System.Collections.Immutable",
          "Item2": "[1.4.0, )"
        }
      ]
    },
    "NPOI": {
      "Id": "NPOI",
      "Version": "2.4.1",
      "Dependencies": [
        {
          "Item1": "SharpZipLib",
          "Item2": "[1.0.0, )"
        }
      ]
    },
    "Portable.BouncyCastle": {
      "Id": "Portable.BouncyCastle",
      "Version": "1.8.8",
      "Dependencies": []
    },
    "RestSharp": {
      "Id": "RestSharp",
      "Version": "106.15.0",
      "Dependencies": []
    },
    "SharePointPnP.IdentityModel.Extensions": {
      "Id": "SharePointPnP.IdentityModel.Extensions",
      "Version": "1.2.4",
      "Dependencies": [
        {
          "Item1": "Microsoft.IdentityModel",
          "Item2": "[6.1.7600.16394, )"
        }
      ]
    },
    "SharePointPnPCore2016": {
      "Id": "SharePointPnPCore2016",
      "Version": "3.12.1908",
      "Dependencies": [
        {
          "Item1": "Microsoft.AspNet.WebApi.Client",
          "Item2": "[5.2.3, )"
        },
        {
          "Item1": "Microsoft.AspNet.WebApi.Core",
          "Item2": "[5.2.3, )"
        },
        {
          "Item1": "AngleSharp",
          "Item2": "[0.9.9, )"
        },
        {
          "Item1": "WindowsAzure.Storage",
          "Item2": "[7.0.0, )"
        },
        {
          "Item1": "Microsoft.Azure.ActiveDirectory.GraphClient",
          "Item2": "[2.1.0, )"
        },
        {
          "Item1": "System.Net.Http",
          "Item2": "[4.3.1, )"
        },
        {
          "Item1": "Microsoft.Graph",
          "Item2": "[1.9.0, )"
        },
        {
          "Item1": "Microsoft.IdentityModel.Clients.ActiveDirectory",
          "Item2": "[3.19.8, )"
        },
        {
          "Item1": "System.IdentityModel.Tokens.Jwt",
          "Item2": "[5.2.4, )"
        },
        {
          "Item1": "Microsoft.Data.OData",
          "Item2": "[5.8.4, )"
        },
        {
          "Item1": "SharePointPnP.IdentityModel.Extensions",
          "Item2": "[1.2.4, )"
        },
        {
          "Item1": "Newtonsoft.Json",
          "Item2": "[11.0.1, )"
        }
      ]
    },
    "SharpZipLib": {
      "Id": "SharpZipLib",
      "Version": "1.2.0",
      "Dependencies": []
    },
    "System.Buffers": {
      "Id": "System.Buffers",
      "Version": "4.5.1",
      "Dependencies": []
    },
    "System.Collections.Immutable": {
      "Id": "System.Collections.Immutable",
      "Version": "5.0.0",
      "Dependencies": [
        {
          "Item1": "System.Memory",
          "Item2": "[4.5.4, )"
        }
      ]
    },
    "System.ComponentModel.Annotations": {
      "Id": "System.ComponentModel.Annotations",
      "Version": "4.7.0",
      "Dependencies": []
    },
    "System.Data.DataSetExtensions": {
      "Id": "System.Data.DataSetExtensions",
      "Version": "4.5.0",
      "Dependencies": []
    },
    "System.IdentityModel.Tokens.Jwt": {
      "Id": "System.IdentityModel.Tokens.Jwt",
      "Version": "5.2.4",
      "Dependencies": [
        {
          "Item1": "Microsoft.IdentityModel.JsonWebTokens",
          "Item2": "[5.2.4, )"
        },
        {
          "Item1": "Microsoft.IdentityModel.Tokens",
          "Item2": "[5.2.4, )"
        },
        {
          "Item1": "Newtonsoft.Json",
          "Item2": "[10.0.1, )"
        }
      ]
    },
    "System.IO.Abstractions": {
      "Id": "System.IO.Abstractions",
      "Version": "3.0.10",
      "Dependencies": []
    },
    "System.IO.Pipelines": {
      "Id": "System.IO.Pipelines",
      "Version": "4.7.1",
      "Dependencies": [
        {
          "Item1": "System.Buffers",
          "Item2": "[4.5.0, )"
        },
        {
          "Item1": "System.Memory",
          "Item2": "[4.5.3, )"
        },
        {
          "Item1": "System.Threading.Tasks.Extensions",
          "Item2": "[4.5.2, )"
        }
      ]
    },
    "System.Management.Automation": {
      "Id": "System.Management.Automation",
      "Version": "6.1.7601.17515",
      "Dependencies": []
    },
    "System.Memory": {
      "Id": "System.Memory",
      "Version": "4.5.4",
      "Dependencies": [
        {
          "Item1": "System.Buffers",
          "Item2": "[4.5.1, )"
        },
        {
          "Item1": "System.Numerics.Vectors",
          "Item2": "[4.5.0, )"
        },
        {
          "Item1": "System.Runtime.CompilerServices.Unsafe",
          "Item2": "[4.5.3, )"
        }
      ]
    },
    "System.Net.Http": {
      "Id": "System.Net.Http",
      "Version": "4.3.4",
      "Dependencies": [
        {
          "Item1": "System.Security.Cryptography.X509Certificates",
          "Item2": "[4.3.0, )"
        }
      ]
    },
    "System.Numerics.Vectors": {
      "Id": "System.Numerics.Vectors",
      "Version": "4.5.0",
      "Dependencies": []
    },
    "System.Reflection.Metadata": {
      "Id": "System.Reflection.Metadata",
      "Version": "5.0.0",
      "Dependencies": [
        {
          "Item1": "System.Collections.Immutable",
          "Item2": "[5.0.0, )"
        }
      ]
    },
    "System.Runtime.Caching": {
      "Id": "System.Runtime.Caching",
      "Version": "5.0.0",
      "Dependencies": []
    },
    "System.Runtime.CompilerServices.Unsafe": {
      "Id": "System.Runtime.CompilerServices.Unsafe",
      "Version": "4.7.1",
      "Dependencies": []
    },
    "System.Runtime.WindowsRuntime": {
      "Id": "System.Runtime.WindowsRuntime",
      "Version": "4.6.0",
      "Dependencies": []
    },
    "System.Runtime.WindowsRuntime.UI.Xaml": {
      "Id": "System.Runtime.WindowsRuntime.UI.Xaml",
      "Version": "4.6.0",
      "Dependencies": [
        {
          "Item1": "System.Runtime.WindowsRuntime",
          "Item2": "[4.6.0, )"
        }
      ]
    },
    "System.Security.Cryptography.Algorithms": {
      "Id": "System.Security.Cryptography.Algorithms",
      "Version": "4.3.0",
      "Dependencies": [
        {
          "Item1": "System.Security.Cryptography.Primitives",
          "Item2": "[4.3.0, )"
        }
      ]
    },
    "System.Security.Cryptography.Encoding": {
      "Id": "System.Security.Cryptography.Encoding",
      "Version": "4.3.0",
      "Dependencies": []
    },
    "System.Security.Cryptography.Primitives": {
      "Id": "System.Security.Cryptography.Primitives",
      "Version": "4.3.0",
      "Dependencies": []
    },
    "System.Security.Cryptography.X509Certificates": {
      "Id": "System.Security.Cryptography.X509Certificates",
      "Version": "4.3.0",
      "Dependencies": [
        {
          "Item1": "System.Security.Cryptography.Algorithms",
          "Item2": "[4.3.0, )"
        },
        {
          "Item1": "System.Security.Cryptography.Encoding",
          "Item2": "[4.3.0, )"
        }
      ]
    },
    "System.Spatial": {
      "Id": "System.Spatial",
      "Version": "5.8.4",
      "Dependencies": []
    },
    "System.Text.Encoding.CodePages": {
      "Id": "System.Text.Encoding.CodePages",
      "Version": "4.5.1",
      "Dependencies": [
        {
          "Item1": "System.Runtime.CompilerServices.Unsafe",
          "Item2": "[4.5.2, )"
        }
      ]
    },
    "System.Text.Encodings.Web": {
      "Id": "System.Text.Encodings.Web",
      "Version": "4.7.1",
      "Dependencies": [
        {
          "Item1": "System.Memory",
          "Item2": "[4.5.4, )"
        }
      ]
    },
    "System.Text.Json": {
      "Id": "System.Text.Json",
      "Version": "4.7.2",
      "Dependencies": [
        {
          "Item1": "Microsoft.Bcl.AsyncInterfaces",
          "Item2": "[1.1.0, )"
        },
        {
          "Item1": "System.Buffers",
          "Item2": "[4.5.1, )"
        },
        {
          "Item1": "System.Memory",
          "Item2": "[4.5.4, )"
        },
        {
          "Item1": "System.Numerics.Vectors",
          "Item2": "[4.5.0, )"
        },
        {
          "Item1": "System.Runtime.CompilerServices.Unsafe",
          "Item2": "[4.7.1, )"
        },
        {
          "Item1": "System.Text.Encodings.Web",
          "Item2": "[4.7.1, )"
        },
        {
          "Item1": "System.Threading.Tasks.Extensions",
          "Item2": "[4.5.4, )"
        },
        {
          "Item1": "System.ValueTuple",
          "Item2": "[4.5.0, )"
        }
      ]
    },
    "System.Threading.Channels": {
      "Id": "System.Threading.Channels",
      "Version": "4.7.1",
      "Dependencies": [
        {
          "Item1": "System.Threading.Tasks.Extensions",
          "Item2": "[4.5.4, )"
        }
      ]
    },
    "System.Threading.Tasks.Dataflow": {
      "Id": "System.Threading.Tasks.Dataflow",
      "Version": "5.0.0",
      "Dependencies": []
    },
    "System.Threading.Tasks.Extensions": {
      "Id": "System.Threading.Tasks.Extensions",
      "Version": "4.5.4",
      "Dependencies": [
        {
          "Item1": "System.Runtime.CompilerServices.Unsafe",
          "Item2": "[4.5.3, )"
        }
      ]
    },
    "System.ValueTuple": {
      "Id": "System.ValueTuple",
      "Version": "4.5.0",
      "Dependencies": []
    },
    "UiPath": {
      "Id": "UiPath",
      "Version": "21.4.23.2412",
      "Dependencies": []
    },
    "UiPath.Activities.RuntimeGovernance": {
      "Id": "UiPath.Activities.RuntimeGovernance",
      "Version": "1.1.3",
      "Dependencies": [
        {
          "Item1": "Newtonsoft.Json",
          "Item2": "[11.0.2, )"
        }
      ]
    },
    "UiPath.ConnectionClient": {
      "Id": "UiPath.ConnectionClient",
      "Version": "1.0.0-20210921.1",
      "Dependencies": [
        {
          "Item1": "Newtonsoft.Json",
          "Item2": "[11.0.2, )"
        },
        {
          "Item1": "Nito.AsyncEx",
          "Item2": "[5.1.0, )"
        },
        {
          "Item1": "System.Runtime.Caching",
          "Item2": "[5.0.0, )"
        },
        {
          "Item1": "UiPath.Telemetry.Client",
          "Item2": "[1.5.3, )"
        }
      ]
    },
    "UiPath.Database.Activities": {
      "Id": "UiPath.Database.Activities",
      "Version": "1.1.6660.26865",
      "Dependencies": []
    },
    "UiPath.Excel.Activities": {
      "Id": "UiPath.Excel.Activities",
      "Version": "2.5.1",
      "Dependencies": [
        {
          "Item1": "ClosedXML",
          "Item2": "[0.87.1, )"
        },
        {
          "Item1": "CsvHelper",
          "Item2": "[2.13.5, )"
        },
        {
          "Item1": "DocumentFormat.OpenXml",
          "Item2": "[2.5.0, )"
        },
        {
          "Item1": "Microsoft.VisualStudio.OLE.Interop",
          "Item2": "[7.10.6071, )"
        },
        {
          "Item1": "NPOI",
          "Item2": "[2.4.1, )"
        },
        {
          "Item1": "SharpZipLib",
          "Item2": "[1.0.0, )"
        }
      ]
    },
    "UiPath.Mail.Activities": {
      "Id": "UiPath.Mail.Activities",
      "Version": "1.12.2",
      "Dependencies": [
        {
          "Item1": "Google.Apis.Calendar.v3",
          "Item2": "[1.43.0.1872, )"
        },
        {
          "Item1": "Google.Apis.Gmail.v1",
          "Item2": "[1.43.0.1859, )"
        },
        {
          "Item1": "Google.Apis.PeopleService.v1",
          "Item2": "[1.43.0.1876, )"
        },
        {
          "Item1": "MailKit",
          "Item2": "[2.10.0, )"
        },
        {
          "Item1": "Microsoft.Exchange.WebServices",
          "Item2": "[2.2.0, )"
        },
        {
          "Item1": "Microsoft.Extensions.FileSystemGlobbing",
          "Item2": "[5.0.0, )"
        },
        {
          "Item1": "Microsoft.Identity.Client",
          "Item2": "[4.32.0, )"
        },
        {
          "Item1": "Microsoft.Identity.Client.Desktop",
          "Item2": "[4.32.0, )"
        },
        {
          "Item1": "Newtonsoft.Json",
          "Item2": "[11.0.2, )"
        },
        {
          "Item1": "System.ValueTuple",
          "Item2": "[4.5.0, )"
        },
        {
          "Item1": "UiPath.Activities.RuntimeGovernance",
          "Item2": "[1.1.3, )"
        },
        {
          "Item1": "UiPath.ConnectionClient",
          "Item2": "[1.0.0-20210921.1, )"
        },
        {
          "Item1": "UiPath.Platform",
          "Item2": "[21.10.0, )"
        }
      ]
    },
    "UiPath.OCR.Activities": {
      "Id": "UiPath.OCR.Activities",
      "Version": "3.0.0",
      "Dependencies": [
        {
          "Item1": "UiPath.OCR.Contracts",
          "Item2": "[2.7.3, )"
        }
      ]
    },
    "UiPath.OCR.Contracts": {
      "Id": "UiPath.OCR.Contracts",
      "Version": "2.7.3",
      "Dependencies": []
    },
    "UiPath.PDF.Activities": {
      "Id": "UiPath.PDF.Activities",
      "Version": "1.3.0",
      "Dependencies": []
    },
    "UiPath.Platform": {
      "Id": "UiPath.Platform",
      "Version": "21.12.0-preview",
      "Dependencies": [
        {
          "Item1": "Newtonsoft.Json",
          "Item2": "[11.0.2, )"
        },
        {
          "Item1": "System.IO.Abstractions",
          "Item2": "[3.0.10, )"
        },
        {
          "Item1": "System.ValueTuple",
          "Item2": "[4.5.0, )"
        }
      ]
    },
    "UiPath.System.Activities": {
      "Id": "UiPath.System.Activities",
      "Version": "21.10.3",
      "Dependencies": [
        {
          "Item1": "CsvHelper",
          "Item2": "[16.0.0, )"
        },
        {
          "Item1": "Microsoft.AspNet.SignalR.Client",
          "Item2": "[2.4.0, )"
        },
        {
          "Item1": "Microsoft.AspNetCore.SignalR.Client",
          "Item2": "[3.1.6, )"
        },
        {
          "Item1": "Microsoft.CSharp",
          "Item2": "[4.7.0, )"
        },
        {
          "Item1": "Microsoft.CodeAnalysis.CSharp",
          "Item2": "[3.8.0, )"
        },
        {
          "Item1": "Microsoft.CodeAnalysis.Common",
          "Item2": "[3.8.0, )"
        },
        {
          "Item1": "Microsoft.CodeAnalysis.VisualBasic",
          "Item2": "[3.8.0, )"
        },
        {
          "Item1": "Microsoft.Rest.ClientRuntime",
          "Item2": "[2.3.21, )"
        },
        {
          "Item1": "Microsoft.VisualBasic",
          "Item2": "[10.3.0, )"
        },
        {
          "Item1": "Newtonsoft.Json",
          "Item2": "[11.0.2, )"
        },
        {
          "Item1": "SharpZipLib",
          "Item2": "[1.2.0, )"
        },
        {
          "Item1": "System.Management.Automation",
          "Item2": "[6.1.7601.17515, )"
        },
        {
          "Item1": "UiPath.Platform",
          "Item2": "[21.10.0, )"
        },
        {
          "Item1": "UiPath.Telemetry.Client",
          "Item2": "[1.5.3, )"
        }
      ]
    },
    "UiPath.Telemetry.Client": {
      "Id": "UiPath.Telemetry.Client",
      "Version": "1.5.3",
      "Dependencies": [
        {
          "Item1": "Newtonsoft.Json",
          "Item2": "[11.0.2, )"
        },
        {
          "Item1": "System.Threading.Tasks.Dataflow",
          "Item2": "[5.0.0, )"
        },
        {
          "Item1": "System.ValueTuple",
          "Item2": "[4.5.0, )"
        }
      ]
    },
    "UiPath.Terminal.Activities": {
      "Id": "UiPath.Terminal.Activities",
      "Version": "1.3.0",
      "Dependencies": [
        {
          "Item1": "Fluent.Ribbon",
          "Item2": "[3.5.1.198, )"
        }
      ]
    },
    "UiPath.Testing.Activities": {
      "Id": "UiPath.Testing.Activities",
      "Version": "1.4.6",
      "Dependencies": [
        {
          "Item1": "AutoMapper",
          "Item2": "[9.0.0, )"
        },
        {
          "Item1": "Microsoft.Rest.ClientRuntime",
          "Item2": "[2.3.21, )"
        },
        {
          "Item1": "Newtonsoft.Json",
          "Item2": "[13.0.1, )"
        },
        {
          "Item1": "System.Threading.Tasks.Extensions",
          "Item2": "[4.5.4, )"
        },
        {
          "Item1": "UiPath.Platform",
          "Item2": "[21.10.0, )"
        },
        {
          "Item1": "UiPath.Telemetry.Client",
          "Item2": "[1.5.3, )"
        }
      ]
    },
    "UiPath.UIAutomation.Activities": {
      "Id": "UiPath.UIAutomation.Activities",
      "Version": "21.4.1-preview",
      "Dependencies": [
        {
          "Item1": "UiPath",
          "Item2": "[21.4.23.2412, 21.4.23.2412]"
        },
        {
          "Item1": "UiPath.Vision",
          "Item2": "[3.0.1, )"
        },
        {
          "Item1": "UiPath.OCR.Contracts",
          "Item2": "[2.7.3, )"
        },
        {
          "Item1": "UiPath.OCR.Activities",
          "Item2": "[3.0.0, )"
        },
        {
          "Item1": "UiPath.Platform",
          "Item2": "[21.4.0, )"
        },
        {
          "Item1": "Newtonsoft.Json",
          "Item2": "[11.0.2, )"
        },
        {
          "Item1": "System.IO.Abstractions",
          "Item2": "[3.0.10, )"
        },
        {
          "Item1": "UiPath.Telemetry.Client",
          "Item2": "[1.3.18, )"
        }
      ]
    },
    "UiPath.Vision": {
      "Id": "UiPath.Vision",
      "Version": "3.0.1",
      "Dependencies": [
        {
          "Item1": "UiPath.OCR.Contracts",
          "Item2": "[2.7.3, )"
        }
      ]
    },
    "UiPath.WebAPI.Activities": {
      "Id": "UiPath.WebAPI.Activities",
      "Version": "1.11.0",
      "Dependencies": [
        {
          "Item1": "AvalonEdit",
          "Item2": "[6.0.1, )"
        },
        {
          "Item1": "Microsoft.CSharp",
          "Item2": "[4.7.0, )"
        },
        {
          "Item1": "Newtonsoft.Json",
          "Item2": "[11.0.2, )"
        },
        {
          "Item1": "RestSharp",
          "Item2": "[106.15.0, )"
        },
        {
          "Item1": "UiPath.Platform",
          "Item2": "[21.12.0-preview, )"
        }
      ]
    },
    "UiPath.Word.Activities": {
      "Id": "UiPath.Word.Activities",
      "Version": "1.3.0",
      "Dependencies": [
        {
          "Item1": "DocX",
          "Item2": "[1.0.0.18, )"
        }
      ]
    },
    "UiPathTeam.SharePoint.Activities": {
      "Id": "UiPathTeam.SharePoint.Activities",
      "Version": "1.7.0",
      "Dependencies": [
        {
          "Item1": "Microsoft.Data.Edm",
          "Item2": "[5.8.4, )"
        },
        {
          "Item1": "Microsoft.Data.OData",
          "Item2": "[5.8.4, )"
        },
        {
          "Item1": "Microsoft.Data.Services.Client",
          "Item2": "[5.8.4, )"
        },
        {
          "Item1": "Microsoft.Identity.Client",
          "Item2": "[4.20.1, )"
        },
        {
          "Item1": "Microsoft.IdentityModel.Clients.ActiveDirectory",
          "Item2": "[5.2.0, )"
        },
        {
          "Item1": "Microsoft.SharePoint2016.CSOM",
          "Item2": "[16.0.4690.1000, )"
        },
        {
          "Item1": "Newtonsoft.Json",
          "Item2": "[11.0.1, )"
        },
        {
          "Item1": "SharePointPnPCore2016",
          "Item2": "[3.12.1908, )"
        },
        {
          "Item1": "System.Net.Http",
          "Item2": "[4.3.4, )"
        },
        {
          "Item1": "System.Spatial",
          "Item2": "[5.8.4, )"
        }
      ]
    },
    "WindowsAzure.Storage": {
      "Id": "WindowsAzure.Storage",
      "Version": "7.0.0",
      "Dependencies": [
        {
          "Item1": "Microsoft.Data.OData",
          "Item2": "[5.6.4, )"
        },
        {
          "Item1": "Newtonsoft.Json",
          "Item2": "[6.0.8, )"
        },
        {
          "Item1": "Microsoft.Data.Services.Client",
          "Item2": "[5.6.4, )"
        },
        {
          "Item1": "Microsoft.Azure.KeyVault.Core",
          "Item2": "[1.0.0, )"
        }
      ]
    }
  }
}